event_ts,user_id,session_id,url_path,http_status,response_ms,country,device_type,extra_param1,extra_param2
2026-05-01T10:00:00Z,u101,s1,/home,200,150,  US , MOBILE ,dropme,ignore
05/01/2026 10:05,u102,s2,/products?id=123,404,45,uk,desktop,dropme,ignore
2026-05-01 10:10:00,u101,s1,/checkout,invalid,-500,Us,TaBlet,dropme,ignore
,u103,s3,/home,500,75000,CaNAdA,mobile,dropme,ignore
2026-05-01T10:15:00Z,u104,s4,/about,,1200,FR ,  ,dropme,ignore
2026-05-02T18:46:00Z,u137,s862,/login,200,936,IN,desktop,x,y
2026-05-02T14:20:00Z,u392,s725,/contact,200,2855,US,mobile,x,y
2026-05-02T21:34:00Z,u481,s159,/contact,404,771,CA,mobile,x,y
2026-05-02T18:50:00Z,u238,s954,/contact,200,962,IN,desktop,x,y
2026-05-02T18:15:00Z,u455,s957,/products,200,920,UK,desktop,x,y
2026-05-02T17:24:00Z,u432,s24,/checkout,200,62,FR,tablet,x,y
2026-05-02T02:01:00Z,u358,s404,/checkout,301,2705,IN,mobile,x,y
2026-05-02T07:46:00Z,u260,s805,/home,200,547,FR,tablet,x,y
2026-05-02T20:38:00Z,u489,s516,/products,404,1806,UK,desktop,x,y
2026-05-02T05:30:00Z,u277,s732,/contact,200,2335,CA,desktop,x,y
2026-05-02T01:27:00Z,u109,s364,/contact,200,1167,CA,tablet,x,y
2026-05-02T23:16:00Z,u360,s382,/login,200,2878,UK,desktop,x,y
2026-05-02T18:43:00Z,u237,s532,/login,201,1244,FR,mobile,x,y
2026-05-02T14:31:00Z,u271,s956,/contact,200,2054,IN,tablet,x,y
2026-05-02T02:10:00Z,u485,s152,/contact,404,2703,UK,mobile,x,y
2026-05-02T22:12:00Z,u112,s562,/products,201,2758,US,mobile,x,y
2026-05-02T12:49:00Z,u267,s689,/checkout,200,1697,FR,mobile,x,y
2026-05-02T05:43:00Z,u229,s947,/login,301,1640,CA,tablet,x,y
2026-05-02T23:57:00Z,u183,s608,/checkout,301,2946,UK,desktop,x,y
2026-05-02T13:25:00Z,u420,s617,/products,200,1540,CA,mobile,x,y
2026-05-02T06:25:00Z,u418,s420,/contact,200,2725,FR,mobile,x,y
2026-05-02T20:15:00Z,u200,s250,/checkout,404,192,CA,mobile,x,y
2026-05-02T15:55:00Z,u428,s117,/contact,200,1274,UK,desktop,x,y
2026-05-02T04:36:00Z,u372,s866,/contact,201,2811,FR,desktop,x,y
2026-05-02T19:44:00Z,u364,s512,/home,500,2576,US,tablet,x,y
2026-05-02T07:39:00Z,u498,s740,/checkout,200,614,UK,desktop,x,y
2026-05-02T22:17:00Z,u137,s578,/checkout,200,2568,IN,tablet,x,y
2026-05-02T00:21:00Z,u193,s335,/contact,200,2481,UK,tablet,x,y
2026-05-02T04:12:00Z,u194,s418,/products,200,1765,FR,tablet,x,y
2026-05-02T12:27:00Z,u404,s932,/home,200,466,UK,tablet,x,y
2026-05-02T14:16:00Z,u168,s774,/contact,200,1898,US,tablet,x,y
2026-05-02T07:54:00Z,u417,s295,/login,200,2405,US,mobile,x,y
2026-05-02T18:02:00Z,u335,s938,/login,400,2746,IN,desktop,x,y
2026-05-02T08:30:00Z,u433,s755,/home,301,1767,CA,mobile,x,y
2026-05-02T11:39:00Z,u472,s371,/products,200,1440,FR,tablet,x,y
2026-05-02T16:15:00Z,u475,s186,/contact,200,1117,FR,desktop,x,y
2026-05-02T03:09:00Z,u236,s246,/checkout,200,2836,CA,mobile,x,y
2026-05-02T15:57:00Z,u175,s637,/home,200,1916,US,mobile,x,y
2026-05-02T11:26:00Z,u134,s268,/products,404,1171,US,tablet,x,y
2026-05-02T15:57:00Z,u100,s643,/checkout,400,1338,UK,mobile,x,y
2026-05-02T09:22:00Z,u395,s237,/login,201,1856,IN,mobile,x,y
2026-05-02T21:07:00Z,u419,s530,/login,404,2237,IN,mobile,x,y
2026-05-02T13:51:00Z,u159,s552,/checkout,200,1554,IN,mobile,x,y
2026-05-02T19:14:00Z,u419,s21,/home,201,1066,UK,mobile,x,y
2026-05-02T10:46:00Z,u448,s911,/login,200,1002,IN,tablet,x,y
2026-05-02T00:20:00Z,u427,s737,/contact,404,121,CA,tablet,x,y
2026-05-02T14:00:00Z,u366,s867,/checkout,200,1740,UK,mobile,x,y
2026-05-02T02:46:00Z,u460,s794,/checkout,201,1341,CA,tablet,x,y
2026-05-02T21:37:00Z,u328,s520,/login,404,1394,UK,tablet,x,y
2026-05-02T06:27:00Z,u369,s100,/home,200,2204,IN,desktop,x,y
2026-05-02T10:00:00Z,u415,s752,/contact,200,932,CA,mobile,x,y
2026-05-02T05:15:00Z,u385,s478,/home,301,188,CA,tablet,x,y
2026-05-02T00:13:00Z,u390,s599,/products,200,2712,CA,tablet,x,y
2026-05-02T04:01:00Z,u312,s298,/products,200,2960,UK,mobile,x,y
2026-05-02T12:56:00Z,u264,s940,/login,200,2370,FR,desktop,x,y
2026-05-02T22:49:00Z,u104,s526,/login,200,1554,IN,mobile,x,y
2026-05-02T09:24:00Z,u438,s334,/login,404,2513,CA,desktop,x,y
2026-05-02T14:57:00Z,u478,s2,/products,200,2603,FR,mobile,x,y
2026-05-02T22:43:00Z,u177,s375,/home,200,782,IN,mobile,x,y
2026-05-02T01:31:00Z,u161,s293,/home,200,1798,IN,mobile,x,y
2026-05-02T23:10:00Z,u231,s837,/login,200,473,CA,mobile,x,y
2026-05-02T15:55:00Z,u188,s934,/contact,200,1641,CA,desktop,x,y
2026-05-02T08:28:00Z,u336,s553,/home,200,439,UK,desktop,x,y
2026-05-02T12:55:00Z,u141,s318,/products,200,391,FR,tablet,x,y
2026-05-02T00:34:00Z,u188,s502,/checkout,200,995,FR,mobile,x,y
2026-05-02T03:25:00Z,u395,s828,/checkout,201,663,CA,desktop,x,y
2026-05-02T18:24:00Z,u427,s381,/checkout,200,542,IN,desktop,x,y
2026-05-02T23:31:00Z,u394,s623,/contact,200,241,CA,desktop,x,y
2026-05-02T17:05:00Z,u203,s14,/login,200,548,IN,mobile,x,y
2026-05-02T17:01:00Z,u113,s504,/products,200,871,IN,tablet,x,y
2026-05-02T23:33:00Z,u387,s231,/contact,200,1785,CA,desktop,x,y
2026-05-02T09:25:00Z,u278,s985,/products,200,1306,US,mobile,x,y
2026-05-02T18:49:00Z,u224,s84,/products,404,2018,FR,desktop,x,y
2026-05-02T11:42:00Z,u452,s130,/login,200,276,IN,desktop,x,y
2026-05-02T06:41:00Z,u122,s743,/checkout,200,1444,IN,tablet,x,y
2026-05-02T12:09:00Z,u162,s838,/login,400,2236,US,desktop,x,y
2026-05-02T02:41:00Z,u242,s145,/contact,200,2953,UK,desktop,x,y
2026-05-02T03:21:00Z,u252,s891,/contact,200,866,US,mobile,x,y
2026-05-02T16:35:00Z,u244,s857,/contact,200,1523,US,mobile,x,y
2026-05-02T04:29:00Z,u324,s28,/login,200,1136,IN,tablet,x,y
2026-05-02T13:35:00Z,u408,s66,/products,404,153,FR,mobile,x,y
2026-05-02T21:34:00Z,u203,s163,/products,201,1924,US,mobile,x,y
2026-05-02T07:35:00Z,u203,s229,/home,404,920,UK,tablet,x,y
2026-05-02T21:15:00Z,u138,s261,/contact,200,717,CA,desktop,x,y
2026-05-02T16:56:00Z,u297,s449,/products,200,2092,US,tablet,x,y
2026-05-02T04:55:00Z,u233,s424,/home,200,322,US,mobile,x,y
2026-05-02T11:59:00Z,u166,s460,/products,200,1079,UK,tablet,x,y
2026-05-02T05:37:00Z,u490,s952,/contact,200,2281,FR,desktop,x,y
2026-05-02T14:38:00Z,u278,s676,/checkout,500,1101,US,tablet,x,y
2026-05-02T17:56:00Z,u141,s301,/contact,200,1623,US,mobile,x,y
2026-05-02T13:11:00Z,u114,s919,/login,200,342,FR,mobile,x,y
2026-05-02T03:36:00Z,u210,s303,/products,200,2274,UK,tablet,x,y
2026-05-02T12:43:00Z,u256,s287,/products,200,2155,US,desktop,x,y
2026-05-02T03:07:00Z,u388,s395,/login,200,1342,FR,tablet,x,y
2026-05-02T06:19:00Z,u330,s10,/login,301,357,US,desktop,x,y
2026-05-02T08:12:00Z,u256,s707,/checkout,200,1026,CA,desktop,x,y
2026-05-02T17:44:00Z,u137,s630,/products,201,1301,IN,tablet,x,y
2026-05-02T19:40:00Z,u196,s270,/products,200,1320,CA,desktop,x,y
2026-05-02T00:14:00Z,u388,s592,/checkout,404,2797,US,mobile,x,y
2026-05-02T01:04:00Z,u353,s970,/home,400,1567,UK,tablet,x,y
2026-05-02T08:40:00Z,u295,s605,/checkout,200,2180,IN,desktop,x,y
2026-05-02T22:47:00Z,u185,s778,/contact,200,1259,CA,mobile,x,y
2026-05-02T19:12:00Z,u421,s844,/products,500,2349,FR,tablet,x,y
2026-05-02T10:47:00Z,u109,s862,/login,200,1428,UK,mobile,x,y
2026-05-02T18:06:00Z,u104,s361,/contact,404,1823,CA,mobile,x,y
2026-05-02T19:22:00Z,u222,s257,/products,200,1769,FR,mobile,x,y
2026-05-02T09:52:00Z,u429,s133,/checkout,200,2092,US,desktop,x,y
2026-05-02T06:31:00Z,u452,s276,/contact,400,845,FR,tablet,x,y
2026-05-02T06:58:00Z,u217,s776,/products,404,946,CA,tablet,x,y
2026-05-02T04:48:00Z,u393,s683,/home,200,2011,CA,desktop,x,y
2026-05-02T06:18:00Z,u496,s972,/home,201,259,US,tablet,x,y
2026-05-02T03:50:00Z,u258,s513,/login,200,2913,FR,mobile,x,y
2026-05-02T16:57:00Z,u402,s313,/products,200,2706,FR,tablet,x,y
2026-05-02T00:40:00Z,u327,s576,/home,200,2544,US,desktop,x,y
2026-05-02T17:31:00Z,u464,s886,/checkout,200,2557,FR,mobile,x,y
2026-05-02T02:14:00Z,u315,s980,/products,404,1017,US,desktop,x,y
2026-05-02T03:20:00Z,u283,s284,/checkout,200,521,UK,mobile,x,y
2026-05-02T12:59:00Z,u114,s121,/checkout,200,2467,CA,mobile,x,y
2026-05-02T15:29:00Z,u256,s107,/home,200,2997,UK,tablet,x,y
2026-05-02T17:36:00Z,u235,s933,/products,200,972,IN,mobile,x,y
2026-05-02T17:51:00Z,u360,s687,/contact,200,186,IN,desktop,x,y
2026-05-02T08:22:00Z,u256,s997,/home,301,416,IN,tablet,x,y
2026-05-02T06:46:00Z,u146,s204,/home,200,233,US,desktop,x,y
2026-05-02T13:24:00Z,u423,s165,/products,404,2569,FR,mobile,x,y
2026-05-02T01:38:00Z,u431,s305,/products,500,1448,UK,desktop,x,y
2026-05-02T11:23:00Z,u272,s497,/checkout,200,2751,UK,desktop,x,y
2026-05-02T12:05:00Z,u229,s632,/products,404,2846,UK,mobile,x,y
2026-05-02T16:00:00Z,u194,s556,/checkout,301,586,UK,tablet,x,y
2026-05-02T10:12:00Z,u214,s824,/home,200,2899,IN,desktop,x,y
2026-05-02T10:42:00Z,u342,s156,/login,200,1652,UK,mobile,x,y
2026-05-02T17:08:00Z,u391,s367,/contact,200,1323,FR,tablet,x,y
2026-05-02T20:41:00Z,u381,s719,/home,200,2607,IN,tablet,x,y
2026-05-02T08:22:00Z,u398,s902,/products,404,2727,UK,tablet,x,y
2026-05-02T12:46:00Z,u382,s620,/contact,200,1146,US,desktop,x,y
2026-05-02T06:37:00Z,u168,s251,/login,404,1355,CA,desktop,x,y
2026-05-02T14:30:00Z,u247,s957,/login,200,965,CA,desktop,x,y
2026-05-02T13:14:00Z,u110,s916,/checkout,200,201,CA,tablet,x,y
2026-05-02T06:32:00Z,u353,s882,/contact,500,1078,IN,desktop,x,y
2026-05-02T03:26:00Z,u429,s334,/checkout,200,1268,UK,mobile,x,y
2026-05-02T17:18:00Z,u459,s642,/home,200,2027,IN,desktop,x,y
2026-05-02T14:51:00Z,u137,s969,/contact,200,2561,FR,desktop,x,y
2026-05-02T14:23:00Z,u233,s511,/home,200,320,US,tablet,x,y
2026-05-02T12:22:00Z,u299,s293,/checkout,200,1236,US,desktop,x,y
2026-05-02T21:04:00Z,u122,s20,/contact,200,509,CA,mobile,x,y
2026-05-02T09:23:00Z,u402,s282,/checkout,200,154,CA,tablet,x,y
2026-05-02T17:00:00Z,u445,s797,/contact,500,1760,CA,mobile,x,y
2026-05-02T01:35:00Z,u401,s1,/checkout,200,2259,UK,tablet,x,y
2026-05-02T08:04:00Z,u462,s119,/login,200,2448,FR,tablet,x,y
2026-05-02T23:50:00Z,u495,s35,/checkout,200,483,FR,desktop,x,y
2026-05-02T03:50:00Z,u317,s198,/login,404,2949,FR,mobile,x,y
2026-05-02T12:28:00Z,u240,s485,/checkout,200,189,FR,tablet,x,y
2026-05-02T19:54:00Z,u203,s757,/contact,200,1544,CA,desktop,x,y
2026-05-02T09:00:00Z,u309,s59,/contact,200,136,US,tablet,x,y
2026-05-02T17:39:00Z,u210,s837,/contact,200,1761,CA,tablet,x,y
2026-05-02T08:44:00Z,u203,s161,/products,400,2280,FR,tablet,x,y
2026-05-02T19:43:00Z,u415,s691,/home,201,2465,CA,tablet,x,y
2026-05-02T21:06:00Z,u270,s206,/contact,200,178,FR,tablet,x,y
2026-05-02T18:29:00Z,u455,s12,/login,200,1319,IN,tablet,x,y
2026-05-02T09:37:00Z,u423,s490,/contact,200,1651,US,desktop,x,y
2026-05-02T11:21:00Z,u232,s276,/products,500,719,IN,tablet,x,y
2026-05-02T09:16:00Z,u475,s693,/login,500,198,UK,mobile,x,y
2026-05-02T16:52:00Z,u392,s242,/products,200,1034,CA,desktop,x,y
2026-05-02T10:45:00Z,u427,s216,/login,404,901,UK,mobile,x,y
2026-05-02T13:15:00Z,u226,s251,/checkout,301,1506,CA,tablet,x,y
2026-05-02T17:31:00Z,u205,s811,/home,200,677,IN,mobile,x,y
2026-05-02T22:43:00Z,u191,s126,/home,200,1542,FR,tablet,x,y
2026-05-02T22:34:00Z,u386,s994,/products,200,2543,FR,tablet,x,y
2026-05-02T22:51:00Z,u477,s217,/home,301,2094,CA,desktop,x,y
2026-05-02T20:54:00Z,u492,s306,/products,500,933,FR,desktop,x,y
2026-05-02T03:09:00Z,u150,s797,/products,301,2391,IN,tablet,x,y
2026-05-02T20:48:00Z,u128,s185,/products,404,1838,FR,desktop,x,y
2026-05-02T23:28:00Z,u395,s39,/home,200,299,IN,mobile,x,y
2026-05-02T23:20:00Z,u396,s223,/products,400,2975,UK,desktop,x,y
2026-05-02T21:46:00Z,u313,s184,/home,301,997,IN,desktop,x,y
2026-05-02T10:32:00Z,u366,s495,/products,200,1024,US,mobile,x,y
2026-05-02T10:27:00Z,u356,s427,/contact,200,1375,US,desktop,x,y
2026-05-02T16:12:00Z,u401,s178,/products,400,2886,US,tablet,x,y
2026-05-02T21:22:00Z,u200,s919,/login,200,1033,CA,mobile,x,y
2026-05-02T23:02:00Z,u445,s428,/products,400,938,CA,tablet,x,y
2026-05-02T11:49:00Z,u209,s294,/checkout,200,2987,CA,mobile,x,y
2026-05-02T23:54:00Z,u281,s852,/products,200,2167,IN,tablet,x,y
2026-05-02T10:48:00Z,u412,s151,/login,400,2722,CA,tablet,x,y
2026-05-02T05:17:00Z,u100,s384,/login,200,924,UK,desktop,x,y
2026-05-02T20:48:00Z,u418,s638,/home,200,1376,US,tablet,x,y
2026-05-02T20:57:00Z,u154,s813,/contact,200,520,IN,desktop,x,y
2026-05-02T11:23:00Z,u470,s308,/products,404,2037,US,mobile,x,y
2026-05-02T11:03:00Z,u498,s336,/home,200,140,CA,tablet,x,y
2026-05-02T23:17:00Z,u248,s946,/contact,404,579,IN,tablet,x,y
2026-05-02T20:56:00Z,u408,s746,/products,200,710,FR,mobile,x,y
2026-05-02T18:56:00Z,u236,s892,/checkout,500,788,UK,mobile,x,y
2026-05-02T07:21:00Z,u301,s375,/products,500,2823,CA,tablet,x,y
2026-05-02T09:23:00Z,u412,s8,/login,200,921,CA,mobile,x,y
2026-05-02T21:31:00Z,u216,s341,/login,200,1736,UK,desktop,x,y
2026-05-02T23:29:00Z,u253,s129,/checkout,200,241,UK,mobile,x,y
2026-05-02T23:30:00Z,u390,s776,/home,200,2036,FR,mobile,x,y
2026-05-02T18:56:00Z,u162,s669,/contact,200,2235,CA,tablet,x,y
2026-05-02T15:51:00Z,u343,s352,/products,200,394,CA,desktop,x,y
2026-05-02T18:24:00Z,u124,s358,/login,200,1058,US,mobile,x,y
2026-05-02T11:38:00Z,u189,s517,/home,200,2600,IN,desktop,x,y
2026-05-02T01:52:00Z,u174,s495,/checkout,200,252,IN,desktop,x,y
2026-05-02T00:01:00Z,u393,s86,/login,200,622,US,desktop,x,y
2026-05-02T10:41:00Z,u485,s175,/checkout,500,241,IN,tablet,x,y
2026-05-02T03:39:00Z,u490,s802,/products,200,2102,UK,mobile,x,y
2026-05-02T14:14:00Z,u309,s193,/contact,200,1963,IN,tablet,x,y
2026-05-02T20:48:00Z,u446,s311,/login,200,1766,IN,mobile,x,y
2026-05-02T06:24:00Z,u116,s119,/login,400,360,US,mobile,x,y
2026-05-02T23:46:00Z,u227,s218,/products,404,2646,FR,tablet,x,y
2026-05-02T19:13:00Z,u463,s427,/home,404,2153,IN,desktop,x,y
2026-05-02T17:56:00Z,u350,s970,/contact,500,492,IN,desktop,x,y
2026-05-02T12:09:00Z,u278,s414,/login,200,1310,FR,mobile,x,y
2026-05-02T23:59:00Z,u281,s114,/contact,400,919,US,tablet,x,y
2026-05-02T04:06:00Z,u251,s978,/login,301,634,FR,desktop,x,y
2026-05-02T13:55:00Z,u124,s145,/contact,200,1644,US,desktop,x,y
2026-05-02T03:22:00Z,u279,s538,/checkout,500,2849,UK,mobile,x,y
2026-05-02T20:07:00Z,u297,s648,/login,200,1587,US,mobile,x,y
2026-05-02T02:02:00Z,u443,s303,/contact,200,409,UK,tablet,x,y
2026-05-02T06:40:00Z,u260,s744,/home,200,1773,UK,mobile,x,y
2026-05-02T12:46:00Z,u276,s881,/checkout,200,2916,US,desktop,x,y
2026-05-02T04:53:00Z,u384,s588,/checkout,201,2127,CA,desktop,x,y
2026-05-02T04:39:00Z,u162,s987,/home,200,1852,US,desktop,x,y
2026-05-02T14:43:00Z,u249,s840,/contact,200,2061,IN,desktop,x,y
2026-05-02T03:17:00Z,u253,s345,/products,200,2205,IN,tablet,x,y
2026-05-02T16:21:00Z,u255,s814,/home,400,893,CA,tablet,x,y
2026-05-02T12:31:00Z,u469,s964,/contact,200,1675,UK,mobile,x,y
2026-05-02T02:23:00Z,u148,s801,/home,200,2814,CA,mobile,x,y
2026-05-02T10:08:00Z,u436,s1,/home,404,940,IN,mobile,x,y
2026-05-02T20:24:00Z,u183,s147,/login,400,2041,CA,tablet,x,y
2026-05-02T19:07:00Z,u460,s287,/contact,200,2032,US,desktop,x,y
2026-05-02T03:06:00Z,u276,s976,/products,301,1009,CA,mobile,x,y
2026-05-02T22:29:00Z,u247,s654,/login,400,1518,UK,desktop,x,y
2026-05-02T07:43:00Z,u217,s53,/home,404,2990,US,mobile,x,y
2026-05-02T22:52:00Z,u441,s304,/home,200,1511,FR,mobile,x,y
2026-05-02T10:59:00Z,u162,s69,/home,200,781,IN,mobile,x,y
2026-05-02T12:43:00Z,u288,s361,/contact,200,655,IN,mobile,x,y
2026-05-02T15:54:00Z,u459,s602,/contact,200,2554,CA,mobile,x,y
2026-05-02T06:42:00Z,u148,s958,/login,200,664,US,desktop,x,y
2026-05-02T22:49:00Z,u426,s220,/products,200,2795,FR,mobile,x,y
2026-05-02T02:26:00Z,u356,s962,/login,200,2054,US,desktop,x,y
2026-05-02T19:31:00Z,u323,s704,/checkout,200,1769,IN,tablet,x,y
2026-05-02T14:23:00Z,u240,s966,/home,200,723,US,mobile,x,y
2026-05-02T08:08:00Z,u314,s575,/home,404,1320,FR,desktop,x,y
2026-05-02T15:28:00Z,u478,s585,/home,200,2640,CA,tablet,x,y
2026-05-02T09:10:00Z,u310,s161,/login,200,1637,UK,tablet,x,y
2026-05-02T05:37:00Z,u417,s681,/login,400,2954,US,tablet,x,y
2026-05-02T14:31:00Z,u131,s89,/home,200,1661,UK,desktop,x,y
2026-05-02T10:40:00Z,u257,s688,/login,201,946,IN,mobile,x,y
2026-05-02T07:52:00Z,u384,s781,/contact,301,1512,CA,mobile,x,y
2026-05-02T02:30:00Z,u404,s585,/contact,200,327,CA,desktop,x,y
2026-05-02T23:58:00Z,u385,s757,/login,400,601,US,mobile,x,y
2026-05-02T22:01:00Z,u243,s589,/home,200,1686,CA,desktop,x,y
2026-05-02T04:22:00Z,u118,s159,/login,200,2208,US,mobile,x,y
2026-05-02T02:23:00Z,u117,s489,/login,200,2482,US,tablet,x,y
2026-05-02T05:45:00Z,u356,s971,/login,200,810,UK,mobile,x,y
2026-05-02T10:23:00Z,u177,s324,/checkout,404,2791,CA,desktop,x,y
2026-05-02T16:56:00Z,u470,s610,/contact,200,1499,US,desktop,x,y
2026-05-02T14:40:00Z,u274,s381,/products,200,454,UK,tablet,x,y
2026-05-02T00:01:00Z,u293,s102,/products,200,1408,FR,desktop,x,y
2026-05-02T14:56:00Z,u212,s494,/checkout,200,1282,UK,mobile,x,y
2026-05-02T22:07:00Z,u213,s644,/login,200,71,UK,mobile,x,y
2026-05-02T04:13:00Z,u321,s614,/checkout,200,727,US,tablet,x,y
2026-05-02T07:32:00Z,u265,s19,/checkout,201,2708,IN,desktop,x,y
2026-05-02T17:40:00Z,u418,s454,/home,200,2078,IN,tablet,x,y
2026-05-02T19:43:00Z,u231,s482,/contact,200,1281,IN,mobile,x,y
2026-05-02T16:54:00Z,u484,s594,/products,200,2105,UK,tablet,x,y
2026-05-02T00:08:00Z,u363,s397,/login,200,2799,US,desktop,x,y
2026-05-02T20:56:00Z,u154,s279,/products,404,1858,CA,tablet,x,y
2026-05-02T18:42:00Z,u458,s851,/products,200,578,UK,desktop,x,y
2026-05-02T13:35:00Z,u230,s365,/contact,200,2087,UK,desktop,x,y
2026-05-02T03:27:00Z,u387,s331,/products,200,2699,US,mobile,x,y
2026-05-02T19:14:00Z,u365,s641,/products,201,1726,FR,mobile,x,y
2026-05-02T06:43:00Z,u465,s344,/checkout,200,706,UK,mobile,x,y
2026-05-02T02:31:00Z,u261,s822,/contact,200,215,FR,desktop,x,y
2026-05-02T00:53:00Z,u479,s455,/home,301,898,FR,tablet,x,y
2026-05-02T19:03:00Z,u186,s601,/login,200,545,IN,desktop,x,y
2026-05-02T10:27:00Z,u154,s725,/products,404,639,US,mobile,x,y
2026-05-02T09:46:00Z,u387,s655,/login,400,478,FR,mobile,x,y
2026-05-02T01:43:00Z,u277,s65,/home,200,2871,US,tablet,x,y
2026-05-02T04:13:00Z,u490,s76,/login,200,212,IN,mobile,x,y
2026-05-02T20:50:00Z,u448,s711,/home,200,2463,US,mobile,x,y
2026-05-02T18:55:00Z,u107,s143,/checkout,200,1312,UK,mobile,x,y
2026-05-02T08:29:00Z,u420,s917,/products,500,121,FR,tablet,x,y
2026-05-02T01:38:00Z,u412,s915,/home,200,704,US,desktop,x,y
2026-05-02T02:32:00Z,u346,s828,/login,200,318,CA,mobile,x,y
2026-05-02T15:13:00Z,u422,s605,/products,301,1826,US,tablet,x,y
2026-05-02T14:37:00Z,u354,s473,/checkout,200,2512,FR,mobile,x,y
2026-05-02T05:37:00Z,u427,s417,/products,200,1318,IN,tablet,x,y
2026-05-02T13:41:00Z,u153,s305,/home,200,1065,IN,mobile,x,y
2026-05-02T19:46:00Z,u348,s736,/checkout,200,2772,FR,tablet,x,y
2026-05-02T15:56:00Z,u338,s497,/login,301,1133,UK,mobile,x,y
2026-05-02T02:40:00Z,u328,s291,/checkout,200,55,UK,desktop,x,y
2026-05-02T13:20:00Z,u166,s940,/checkout,200,1031,IN,mobile,x,y
2026-05-02T06:37:00Z,u150,s102,/contact,200,2667,IN,tablet,x,y
2026-05-02T21:40:00Z,u196,s986,/checkout,200,456,FR,mobile,x,y
2026-05-02T13:35:00Z,u191,s267,/checkout,200,2003,UK,desktop,x,y
2026-05-02T23:35:00Z,u363,s867,/products,200,2123,IN,mobile,x,y
2026-05-02T19:18:00Z,u390,s968,/login,200,1035,UK,tablet,x,y
2026-05-02T20:18:00Z,u195,s622,/products,404,439,IN,tablet,x,y
2026-05-02T06:40:00Z,u187,s974,/products,200,759,US,desktop,x,y
2026-05-02T10:39:00Z,u177,s842,/home,200,2668,CA,tablet,x,y
2026-05-02T17:36:00Z,u387,s962,/products,200,1521,US,mobile,x,y
2026-05-02T11:27:00Z,u219,s942,/contact,301,803,IN,mobile,x,y
2026-05-02T07:39:00Z,u401,s777,/contact,201,2243,CA,mobile,x,y
2026-05-02T15:54:00Z,u499,s3,/home,200,1461,CA,tablet,x,y
2026-05-02T07:49:00Z,u264,s85,/login,500,2882,IN,mobile,x,y
2026-05-02T23:18:00Z,u281,s794,/login,200,1322,IN,mobile,x,y
2026-05-02T17:25:00Z,u497,s328,/products,200,575,UK,mobile,x,y
2026-05-02T12:29:00Z,u322,s816,/products,200,1535,IN,desktop,x,y
2026-05-02T00:37:00Z,u410,s450,/products,200,2110,FR,tablet,x,y
2026-05-02T03:49:00Z,u106,s454,/login,400,2481,IN,tablet,x,y
2026-05-02T23:08:00Z,u429,s924,/checkout,200,605,FR,tablet,x,y
2026-05-02T09:22:00Z,u362,s629,/contact,200,2984,IN,desktop,x,y
2026-05-02T07:17:00Z,u260,s221,/checkout,404,68,UK,tablet,x,y
2026-05-02T21:46:00Z,u250,s154,/checkout,200,624,FR,desktop,x,y
2026-05-02T00:26:00Z,u184,s665,/login,200,2848,US,desktop,x,y
2026-05-02T03:45:00Z,u246,s12,/checkout,200,1053,FR,tablet,x,y
2026-05-02T21:40:00Z,u211,s133,/home,200,2516,UK,mobile,x,y
2026-05-02T13:17:00Z,u480,s994,/products,200,2516,FR,mobile,x,y
2026-05-02T04:43:00Z,u135,s304,/home,200,1988,IN,tablet,x,y
2026-05-02T14:38:00Z,u384,s293,/contact,200,1989,IN,tablet,x,y
2026-05-02T15:59:00Z,u287,s975,/products,200,1685,UK,desktop,x,y
2026-05-02T07:32:00Z,u181,s300,/checkout,301,1748,CA,tablet,x,y
2026-05-02T16:59:00Z,u101,s740,/contact,200,2219,IN,desktop,x,y
2026-05-02T13:35:00Z,u484,s783,/products,200,481,US,tablet,x,y
2026-05-02T10:58:00Z,u402,s43,/checkout,200,2141,UK,mobile,x,y
2026-05-02T09:06:00Z,u296,s944,/home,200,1945,FR,mobile,x,y
2026-05-02T20:15:00Z,u110,s343,/products,200,1993,FR,tablet,x,y
2026-05-02T17:52:00Z,u333,s326,/checkout,200,1390,US,desktop,x,y
2026-05-02T00:16:00Z,u485,s814,/home,200,2478,IN,mobile,x,y
2026-05-02T19:55:00Z,u294,s498,/contact,404,194,UK,desktop,x,y
2026-05-02T20:43:00Z,u218,s364,/contact,200,2460,US,tablet,x,y
2026-05-02T02:37:00Z,u495,s891,/contact,301,1123,IN,tablet,x,y
2026-05-02T07:56:00Z,u119,s427,/contact,200,1138,UK,mobile,x,y
2026-05-02T17:49:00Z,u360,s21,/login,301,2452,FR,tablet,x,y
2026-05-02T23:16:00Z,u392,s407,/products,200,849,UK,mobile,x,y
2026-05-02T08:37:00Z,u355,s619,/products,400,2923,CA,desktop,x,y
2026-05-02T01:38:00Z,u321,s336,/login,200,1201,UK,mobile,x,y
2026-05-02T17:40:00Z,u492,s815,/checkout,200,2495,CA,mobile,x,y
2026-05-02T04:39:00Z,u325,s117,/checkout,200,2006,UK,desktop,x,y
2026-05-02T22:52:00Z,u152,s124,/contact,201,2977,CA,mobile,x,y
2026-05-02T08:16:00Z,u454,s399,/home,200,512,FR,mobile,x,y
2026-05-02T05:01:00Z,u441,s793,/checkout,200,1824,IN,tablet,x,y
2026-05-02T03:00:00Z,u463,s804,/home,200,2095,CA,desktop,x,y
2026-05-02T10:06:00Z,u379,s715,/products,200,857,CA,mobile,x,y
2026-05-02T18:42:00Z,u180,s51,/home,200,236,FR,desktop,x,y
2026-05-02T11:39:00Z,u301,s783,/products,200,1793,CA,desktop,x,y
2026-05-02T16:32:00Z,u257,s324,/login,500,781,US,mobile,x,y
2026-05-02T18:59:00Z,u219,s789,/login,201,1985,FR,tablet,x,y
2026-05-02T03:10:00Z,u158,s141,/contact,500,1263,US,desktop,x,y
2026-05-02T04:12:00Z,u314,s470,/checkout,200,1461,FR,mobile,x,y
2026-05-02T16:20:00Z,u227,s787,/contact,404,478,CA,desktop,x,y
2026-05-02T15:27:00Z,u323,s802,/products,400,2955,US,tablet,x,y
2026-05-02T19:44:00Z,u308,s334,/contact,200,1357,CA,tablet,x,y
2026-05-02T21:19:00Z,u469,s893,/home,200,2334,FR,tablet,x,y
2026-05-02T22:26:00Z,u214,s964,/products,200,1267,CA,mobile,x,y
2026-05-02T02:07:00Z,u308,s373,/login,400,1360,US,mobile,x,y
2026-05-02T00:17:00Z,u113,s564,/checkout,200,820,US,tablet,x,y
2026-05-02T09:25:00Z,u108,s494,/products,200,807,CA,mobile,x,y
2026-05-02T09:29:00Z,u139,s539,/products,200,185,UK,tablet,x,y
2026-05-02T22:26:00Z,u336,s669,/home,404,841,FR,mobile,x,y
2026-05-02T11:25:00Z,u380,s751,/checkout,404,220,FR,tablet,x,y
2026-05-02T10:25:00Z,u458,s156,/login,500,2256,CA,desktop,x,y
2026-05-02T21:51:00Z,u300,s291,/products,200,2298,UK,tablet,x,y
2026-05-02T14:13:00Z,u345,s648,/products,200,1630,US,tablet,x,y
2026-05-02T16:01:00Z,u377,s144,/home,200,1011,IN,mobile,x,y
2026-05-02T02:34:00Z,u334,s106,/contact,200,2680,IN,mobile,x,y
2026-05-02T08:09:00Z,u103,s420,/login,200,925,CA,mobile,x,y
2026-05-02T23:29:00Z,u253,s670,/checkout,200,2468,UK,mobile,x,y
2026-05-02T13:04:00Z,u128,s658,/products,200,152,UK,mobile,x,y
2026-05-02T18:47:00Z,u208,s2,/products,200,1051,FR,mobile,x,y
2026-05-02T23:36:00Z,u197,s945,/login,404,1198,US,desktop,x,y
2026-05-02T04:05:00Z,u314,s589,/contact,200,2895,UK,tablet,x,y
2026-05-02T19:59:00Z,u392,s644,/products,404,1531,IN,tablet,x,y
2026-05-02T17:42:00Z,u174,s90,/login,200,707,US,tablet,x,y
2026-05-02T12:38:00Z,u425,s345,/home,200,2979,US,desktop,x,y
2026-05-02T08:57:00Z,u245,s350,/contact,200,1270,CA,tablet,x,y
2026-05-02T15:20:00Z,u227,s459,/checkout,200,2830,UK,desktop,x,y
2026-05-02T06:47:00Z,u440,s263,/products,200,472,CA,desktop,x,y
2026-05-02T08:44:00Z,u141,s351,/login,200,2669,UK,desktop,x,y
2026-05-02T13:47:00Z,u455,s108,/home,200,220,FR,tablet,x,y
2026-05-02T15:02:00Z,u140,s586,/checkout,200,2270,CA,desktop,x,y
2026-05-02T00:35:00Z,u133,s39,/login,200,2760,CA,tablet,x,y
2026-05-02T11:24:00Z,u116,s909,/login,500,502,IN,tablet,x,y
2026-05-02T00:19:00Z,u264,s159,/checkout,301,2447,CA,mobile,x,y
2026-05-02T05:20:00Z,u252,s583,/home,201,2025,UK,mobile,x,y
2026-05-02T08:31:00Z,u477,s959,/home,200,1707,IN,desktop,x,y
2026-05-02T06:39:00Z,u175,s312,/contact,301,2591,CA,desktop,x,y
2026-05-02T10:53:00Z,u186,s241,/products,301,2717,CA,tablet,x,y
2026-05-02T16:11:00Z,u216,s938,/checkout,200,2103,FR,desktop,x,y
2026-05-02T07:50:00Z,u461,s445,/checkout,500,337,CA,desktop,x,y
2026-05-02T19:26:00Z,u441,s298,/checkout,200,1691,US,tablet,x,y
2026-05-02T18:35:00Z,u126,s952,/home,404,1497,IN,desktop,x,y
2026-05-02T22:57:00Z,u412,s36,/products,404,1963,US,desktop,x,y
2026-05-02T13:53:00Z,u386,s84,/contact,200,657,IN,tablet,x,y
2026-05-02T12:06:00Z,u233,s452,/login,200,506,FR,tablet,x,y
2026-05-02T14:13:00Z,u318,s886,/login,500,1814,CA,mobile,x,y
2026-05-02T00:50:00Z,u267,s775,/checkout,200,1275,CA,tablet,x,y
2026-05-02T09:34:00Z,u197,s822,/products,200,1285,CA,mobile,x,y
2026-05-02T20:13:00Z,u367,s385,/home,500,1079,IN,desktop,x,y
2026-05-02T19:08:00Z,u336,s172,/products,200,2721,CA,tablet,x,y
2026-05-02T02:29:00Z,u408,s376,/products,200,2473,US,tablet,x,y
2026-05-02T05:13:00Z,u493,s685,/home,200,496,CA,tablet,x,y
2026-05-02T09:29:00Z,u272,s362,/checkout,200,884,FR,desktop,x,y
2026-05-02T22:45:00Z,u289,s559,/products,200,860,US,mobile,x,y
2026-05-02T05:04:00Z,u221,s891,/login,200,1474,CA,desktop,x,y
2026-05-02T11:21:00Z,u145,s141,/home,200,1461,CA,desktop,x,y
2026-05-02T13:57:00Z,u163,s887,/contact,200,1008,UK,tablet,x,y
2026-05-02T17:57:00Z,u229,s918,/checkout,201,1525,IN,mobile,x,y
2026-05-02T16:42:00Z,u409,s118,/home,200,2946,US,desktop,x,y
2026-05-02T07:23:00Z,u462,s277,/contact,200,858,UK,tablet,x,y
2026-05-02T10:12:00Z,u292,s726,/contact,200,1028,FR,desktop,x,y
2026-05-02T16:32:00Z,u406,s220,/products,200,2513,IN,desktop,x,y
2026-05-02T04:23:00Z,u280,s905,/products,200,775,US,tablet,x,y
2026-05-02T17:56:00Z,u391,s26,/products,200,2551,CA,tablet,x,y
2026-05-02T16:43:00Z,u470,s521,/home,404,1266,US,mobile,x,y
2026-05-02T00:04:00Z,u381,s783,/home,200,2247,CA,desktop,x,y
2026-05-02T18:46:00Z,u128,s10,/checkout,200,1953,IN,tablet,x,y
2026-05-02T20:19:00Z,u248,s984,/products,200,2856,CA,tablet,x,y
2026-05-02T12:53:00Z,u366,s378,/contact,200,828,FR,mobile,x,y
2026-05-02T14:36:00Z,u395,s633,/login,200,1022,CA,mobile,x,y
2026-05-02T16:31:00Z,u110,s637,/checkout,200,2860,FR,tablet,x,y
2026-05-02T14:43:00Z,u263,s682,/home,200,1588,IN,mobile,x,y
2026-05-02T22:53:00Z,u212,s584,/checkout,201,1466,IN,tablet,x,y
2026-05-02T00:46:00Z,u286,s152,/checkout,200,2173,US,desktop,x,y
2026-05-02T14:26:00Z,u394,s720,/checkout,200,648,FR,mobile,x,y
2026-05-02T13:42:00Z,u331,s49,/checkout,200,274,FR,desktop,x,y
2026-05-02T15:35:00Z,u326,s154,/login,200,1603,UK,desktop,x,y
2026-05-02T10:55:00Z,u409,s859,/products,200,2210,UK,desktop,x,y
2026-05-02T04:28:00Z,u197,s293,/contact,200,2348,UK,tablet,x,y
2026-05-02T06:09:00Z,u154,s580,/checkout,200,890,CA,desktop,x,y
2026-05-02T10:35:00Z,u210,s50,/checkout,200,1864,UK,desktop,x,y
2026-05-02T18:49:00Z,u251,s664,/checkout,200,763,FR,desktop,x,y
2026-05-02T10:56:00Z,u345,s531,/products,200,1156,CA,tablet,x,y
2026-05-02T01:59:00Z,u168,s612,/home,200,174,IN,desktop,x,y
2026-05-02T13:50:00Z,u411,s60,/home,200,1142,US,desktop,x,y
2026-05-02T18:01:00Z,u388,s167,/login,200,2981,UK,mobile,x,y
2026-05-02T22:49:00Z,u349,s202,/home,404,1329,IN,tablet,x,y
2026-05-02T12:20:00Z,u135,s857,/checkout,200,1800,FR,desktop,x,y
2026-05-02T01:56:00Z,u338,s146,/checkout,301,79,US,mobile,x,y
2026-05-02T13:10:00Z,u247,s915,/checkout,200,2378,IN,tablet,x,y
2026-05-02T19:10:00Z,u326,s676,/login,200,2067,US,tablet,x,y
2026-05-02T23:36:00Z,u343,s970,/checkout,200,2465,UK,tablet,x,y
2026-05-02T16:52:00Z,u436,s993,/home,200,544,FR,tablet,x,y
2026-05-02T18:01:00Z,u464,s439,/products,200,1659,US,tablet,x,y
2026-05-02T10:33:00Z,u300,s242,/products,404,767,IN,tablet,x,y
2026-05-02T08:32:00Z,u253,s581,/contact,200,1066,UK,desktop,x,y
2026-05-02T13:21:00Z,u172,s687,/home,404,1387,UK,desktop,x,y
2026-05-02T18:39:00Z,u300,s561,/checkout,200,655,IN,desktop,x,y
2026-05-02T19:01:00Z,u395,s483,/products,201,424,IN,desktop,x,y
2026-05-02T09:19:00Z,u116,s108,/home,200,2736,US,mobile,x,y
2026-05-02T08:07:00Z,u228,s226,/products,201,2010,CA,desktop,x,y
2026-05-02T21:00:00Z,u316,s673,/checkout,200,1098,UK,tablet,x,y
2026-05-02T14:56:00Z,u160,s631,/products,200,1407,US,desktop,x,y
2026-05-02T21:35:00Z,u203,s661,/contact,200,165,IN,desktop,x,y
2026-05-02T20:12:00Z,u141,s977,/contact,201,2145,US,tablet,x,y
2026-05-02T11:43:00Z,u124,s662,/products,200,1851,IN,desktop,x,y
2026-05-02T09:40:00Z,u138,s432,/home,404,2196,FR,desktop,x,y
2026-05-02T13:09:00Z,u390,s805,/home,200,1532,IN,desktop,x,y
2026-05-02T14:20:00Z,u230,s655,/home,400,1596,IN,mobile,x,y
2026-05-02T04:06:00Z,u328,s419,/products,404,1670,IN,desktop,x,y
2026-05-02T18:19:00Z,u207,s988,/home,400,2502,CA,tablet,x,y
2026-05-02T02:33:00Z,u271,s455,/checkout,200,734,IN,tablet,x,y
2026-05-02T16:36:00Z,u201,s160,/contact,200,2600,UK,desktop,x,y
2026-05-02T18:29:00Z,u453,s523,/checkout,500,1521,UK,desktop,x,y
2026-05-02T11:36:00Z,u111,s650,/home,200,2991,US,desktop,x,y
2026-05-02T21:48:00Z,u374,s969,/checkout,200,1649,CA,tablet,x,y
2026-05-02T20:43:00Z,u200,s590,/home,200,2355,US,tablet,x,y
2026-05-02T18:12:00Z,u143,s77,/products,201,2941,UK,mobile,x,y
2026-05-02T17:50:00Z,u404,s509,/checkout,200,2218,UK,mobile,x,y
2026-05-02T16:48:00Z,u116,s441,/products,200,859,FR,mobile,x,y
2026-05-02T01:33:00Z,u429,s254,/products,400,1027,IN,tablet,x,y
2026-05-02T15:57:00Z,u156,s921,/login,200,2151,UK,mobile,x,y
2026-05-02T16:51:00Z,u410,s770,/home,404,1404,US,desktop,x,y
2026-05-02T07:32:00Z,u402,s320,/contact,200,833,US,desktop,x,y
2026-05-02T20:27:00Z,u111,s803,/home,200,290,IN,tablet,x,y
2026-05-02T15:11:00Z,u417,s263,/contact,200,1828,IN,mobile,x,y
2026-05-02T03:37:00Z,u179,s597,/home,200,1603,FR,desktop,x,y
2026-05-02T07:53:00Z,u315,s658,/products,404,532,CA,tablet,x,y
2026-05-02T07:11:00Z,u438,s835,/checkout,200,1062,US,mobile,x,y
2026-05-02T05:40:00Z,u363,s554,/checkout,200,236,IN,desktop,x,y
2026-05-02T09:10:00Z,u248,s374,/login,200,1931,US,mobile,x,y
2026-05-02T21:52:00Z,u180,s637,/contact,200,2753,IN,tablet,x,y
2026-05-02T21:17:00Z,u314,s167,/contact,200,2359,UK,mobile,x,y
2026-05-02T05:56:00Z,u473,s937,/contact,200,1002,US,tablet,x,y
2026-05-02T00:22:00Z,u297,s753,/products,200,1437,UK,mobile,x,y
2026-05-02T08:41:00Z,u299,s459,/contact,404,540,US,desktop,x,y
2026-05-02T18:43:00Z,u124,s999,/checkout,200,480,CA,tablet,x,y
2026-05-02T13:21:00Z,u188,s280,/products,200,288,FR,tablet,x,y
2026-05-02T20:03:00Z,u367,s700,/home,200,2401,UK,tablet,x,y
2026-05-02T20:46:00Z,u242,s302,/contact,301,2395,IN,mobile,x,y
2026-05-02T12:41:00Z,u158,s531,/contact,200,125,CA,mobile,x,y
2026-05-02T07:21:00Z,u464,s580,/home,200,1406,US,desktop,x,y
2026-05-02T12:48:00Z,u125,s218,/contact,200,1973,UK,tablet,x,y
2026-05-02T16:55:00Z,u146,s102,/home,500,1831,US,tablet,x,y
2026-05-02T22:28:00Z,u387,s554,/products,200,2739,US,mobile,x,y
2026-05-02T08:35:00Z,u365,s288,/checkout,301,876,US,mobile,x,y
2026-05-02T17:19:00Z,u115,s167,/home,200,2380,FR,desktop,x,y
2026-05-02T13:11:00Z,u298,s621,/login,200,640,FR,desktop,x,y
2026-05-02T05:35:00Z,u381,s36,/home,301,2169,IN,mobile,x,y
2026-05-02T04:17:00Z,u185,s744,/contact,200,2800,UK,tablet,x,y
2026-05-02T08:16:00Z,u349,s741,/products,404,1952,CA,desktop,x,y
2026-05-02T14:55:00Z,u490,s353,/products,404,1960,CA,mobile,x,y
2026-05-02T02:39:00Z,u369,s676,/home,404,624,CA,mobile,x,y
2026-05-02T14:11:00Z,u434,s899,/checkout,200,941,US,tablet,x,y
2026-05-02T11:29:00Z,u216,s73,/login,301,2109,FR,mobile,x,y
2026-05-02T06:19:00Z,u106,s648,/products,200,190,UK,mobile,x,y
2026-05-02T15:56:00Z,u236,s353,/contact,404,1839,US,desktop,x,y
2026-05-02T11:30:00Z,u470,s891,/contact,200,66,FR,mobile,x,y
2026-05-02T21:31:00Z,u275,s70,/checkout,400,1136,FR,mobile,x,y
2026-05-02T19:51:00Z,u427,s425,/products,200,302,UK,desktop,x,y
2026-05-02T17:46:00Z,u414,s999,/home,200,514,UK,tablet,x,y
2026-05-02T04:44:00Z,u314,s708,/contact,200,425,UK,tablet,x,y
2026-05-02T06:36:00Z,u181,s781,/checkout,301,1877,US,desktop,x,y
2026-05-02T00:11:00Z,u322,s561,/products,200,569,IN,desktop,x,y
2026-05-02T22:05:00Z,u471,s828,/products,200,1910,UK,tablet,x,y
2026-05-02T21:16:00Z,u202,s642,/products,301,139,IN,tablet,x,y
2026-05-02T08:18:00Z,u372,s956,/products,200,769,US,tablet,x,y
2026-05-02T12:33:00Z,u113,s517,/products,200,2901,IN,tablet,x,y
2026-05-02T00:34:00Z,u258,s428,/contact,200,2893,CA,tablet,x,y
2026-05-02T12:06:00Z,u251,s539,/checkout,200,679,IN,desktop,x,y
2026-05-02T14:08:00Z,u207,s160,/products,200,1934,UK,mobile,x,y
2026-05-02T01:29:00Z,u287,s149,/login,200,125,US,tablet,x,y
2026-05-02T12:55:00Z,u400,s776,/login,200,975,UK,tablet,x,y
2026-05-02T10:04:00Z,u197,s230,/checkout,200,2497,CA,mobile,x,y
2026-05-02T16:09:00Z,u230,s712,/home,201,1855,UK,mobile,x,y
2026-05-02T17:01:00Z,u392,s562,/home,200,1019,UK,mobile,x,y
2026-05-02T06:57:00Z,u270,s67,/home,200,1144,UK,mobile,x,y
2026-05-02T01:54:00Z,u282,s812,/login,404,2078,FR,mobile,x,y
2026-05-02T10:16:00Z,u463,s381,/home,200,1454,CA,mobile,x,y
2026-05-02T20:19:00Z,u138,s58,/contact,200,2894,UK,desktop,x,y
2026-05-02T13:45:00Z,u114,s259,/products,301,244,UK,mobile,x,y
2026-05-02T18:18:00Z,u475,s342,/login,404,277,UK,mobile,x,y
2026-05-02T06:52:00Z,u103,s838,/checkout,201,1509,US,desktop,x,y
2026-05-02T23:19:00Z,u448,s130,/checkout,201,510,FR,mobile,x,y
2026-05-02T12:08:00Z,u496,s727,/products,400,667,US,tablet,x,y
2026-05-02T21:40:00Z,u309,s172,/login,200,113,FR,tablet,x,y
2026-05-02T17:00:00Z,u260,s770,/home,400,2262,UK,mobile,x,y
2026-05-02T12:40:00Z,u115,s614,/home,200,2124,CA,desktop,x,y
2026-05-02T11:15:00Z,u207,s209,/contact,404,334,IN,tablet,x,y
2026-05-02T23:37:00Z,u481,s803,/contact,200,1733,IN,desktop,x,y
2026-05-02T07:36:00Z,u410,s354,/home,200,2378,UK,tablet,x,y
2026-05-02T15:19:00Z,u326,s471,/checkout,200,887,US,mobile,x,y
2026-05-02T03:11:00Z,u269,s798,/checkout,201,880,CA,desktop,x,y
2026-05-02T12:18:00Z,u133,s116,/contact,200,1237,FR,desktop,x,y
2026-05-02T18:42:00Z,u350,s264,/products,404,273,UK,desktop,x,y
2026-05-02T16:17:00Z,u346,s662,/home,400,833,CA,tablet,x,y
2026-05-02T16:48:00Z,u368,s812,/contact,200,999,CA,tablet,x,y
2026-05-02T01:35:00Z,u240,s442,/contact,400,94,FR,tablet,x,y
2026-05-02T11:02:00Z,u373,s548,/home,301,1860,CA,mobile,x,y
2026-05-02T20:13:00Z,u195,s453,/home,200,520,US,tablet,x,y
2026-05-02T00:36:00Z,u326,s845,/checkout,200,2131,US,mobile,x,y
2026-05-02T23:12:00Z,u478,s477,/products,200,2750,US,desktop,x,y
2026-05-02T04:38:00Z,u138,s287,/products,200,879,CA,desktop,x,y
2026-05-02T03:36:00Z,u401,s303,/home,200,1959,US,mobile,x,y
2026-05-02T14:26:00Z,u128,s311,/login,404,2318,FR,tablet,x,y
2026-05-02T14:32:00Z,u417,s208,/contact,200,1941,CA,mobile,x,y
2026-05-02T21:36:00Z,u344,s618,/contact,400,2631,IN,desktop,x,y
2026-05-02T01:01:00Z,u335,s446,/home,200,741,CA,desktop,x,y
2026-05-02T09:55:00Z,u284,s670,/login,200,1440,FR,mobile,x,y
2026-05-02T12:08:00Z,u371,s633,/checkout,301,981,IN,tablet,x,y
2026-05-02T22:45:00Z,u335,s55,/home,404,890,CA,tablet,x,y
2026-05-02T06:36:00Z,u338,s912,/home,200,1988,US,mobile,x,y
2026-05-02T11:38:00Z,u476,s12,/contact,200,1623,UK,mobile,x,y
2026-05-02T17:22:00Z,u365,s657,/home,200,2679,UK,tablet,x,y
2026-05-02T02:56:00Z,u458,s400,/home,200,2336,US,desktop,x,y
2026-05-02T06:35:00Z,u439,s908,/home,200,2538,UK,mobile,x,y
2026-05-02T07:24:00Z,u488,s648,/contact,200,197,UK,tablet,x,y
2026-05-02T20:56:00Z,u164,s980,/checkout,200,1082,US,tablet,x,y
2026-05-02T01:15:00Z,u276,s515,/checkout,201,1361,US,desktop,x,y
2026-05-02T04:24:00Z,u102,s656,/home,200,437,CA,desktop,x,y
2026-05-02T07:34:00Z,u241,s542,/contact,200,1923,CA,desktop,x,y
2026-05-02T11:57:00Z,u475,s237,/checkout,200,965,US,desktop,x,y
2026-05-02T12:14:00Z,u257,s279,/checkout,201,1928,FR,desktop,x,y
2026-05-02T23:27:00Z,u423,s348,/checkout,404,2735,UK,mobile,x,y
2026-05-02T14:10:00Z,u245,s627,/contact,200,327,CA,tablet,x,y
2026-05-02T23:10:00Z,u392,s104,/contact,301,2027,UK,mobile,x,y
2026-05-02T02:23:00Z,u252,s630,/home,200,1909,IN,mobile,x,y
2026-05-02T14:44:00Z,u292,s517,/products,200,1875,US,mobile,x,y
2026-05-02T18:12:00Z,u172,s980,/checkout,200,2686,FR,mobile,x,y
2026-05-02T18:42:00Z,u498,s872,/products,200,1883,IN,mobile,x,y
2026-05-02T06:35:00Z,u404,s248,/contact,201,2746,IN,desktop,x,y
2026-05-02T17:28:00Z,u476,s364,/contact,404,667,IN,desktop,x,y
2026-05-02T15:47:00Z,u443,s321,/contact,200,1680,US,tablet,x,y
2026-05-02T14:50:00Z,u239,s633,/products,200,2232,CA,mobile,x,y
2026-05-02T19:34:00Z,u286,s286,/contact,200,629,US,tablet,x,y
2026-05-02T19:27:00Z,u392,s149,/home,200,1220,CA,desktop,x,y
2026-05-02T09:28:00Z,u160,s84,/contact,200,539,IN,desktop,x,y
2026-05-02T17:42:00Z,u479,s966,/login,200,2575,IN,desktop,x,y
2026-05-02T01:48:00Z,u297,s406,/products,200,1232,FR,mobile,x,y
2026-05-02T17:45:00Z,u394,s978,/login,200,433,CA,mobile,x,y
2026-05-02T20:09:00Z,u418,s456,/contact,200,212,IN,desktop,x,y
2026-05-02T15:34:00Z,u401,s743,/home,200,2538,UK,tablet,x,y
2026-05-02T06:37:00Z,u443,s800,/checkout,201,1926,FR,tablet,x,y
2026-05-02T20:46:00Z,u110,s161,/contact,200,1262,US,desktop,x,y
2026-05-02T10:33:00Z,u161,s784,/home,500,2512,FR,tablet,x,y
2026-05-02T19:16:00Z,u432,s460,/products,200,1412,UK,desktop,x,y
2026-05-02T19:46:00Z,u325,s550,/login,301,1680,CA,tablet,x,y
2026-05-02T20:38:00Z,u252,s500,/login,404,1254,US,desktop,x,y
2026-05-02T12:12:00Z,u298,s738,/login,200,337,US,tablet,x,y
2026-05-02T03:54:00Z,u151,s509,/products,200,1907,CA,mobile,x,y
2026-05-02T10:57:00Z,u359,s654,/home,301,236,FR,desktop,x,y
2026-05-02T12:30:00Z,u158,s804,/products,200,1957,IN,desktop,x,y
2026-05-02T09:47:00Z,u171,s481,/login,200,1211,FR,tablet,x,y
2026-05-02T17:12:00Z,u247,s663,/contact,200,179,UK,desktop,x,y
2026-05-02T18:17:00Z,u448,s114,/checkout,200,2291,IN,desktop,x,y
2026-05-02T15:53:00Z,u162,s749,/products,200,2413,FR,desktop,x,y
2026-05-02T08:11:00Z,u409,s578,/products,404,1937,CA,mobile,x,y
2026-05-02T15:12:00Z,u472,s361,/home,200,193,UK,mobile,x,y
2026-05-02T21:16:00Z,u342,s341,/home,200,65,UK,tablet,x,y
2026-05-02T20:53:00Z,u465,s770,/products,404,2520,UK,mobile,x,y
2026-05-02T19:57:00Z,u429,s987,/login,200,294,IN,tablet,x,y
2026-05-02T19:51:00Z,u206,s761,/checkout,500,976,US,mobile,x,y
2026-05-02T02:49:00Z,u325,s969,/home,200,2226,IN,tablet,x,y
2026-05-02T23:36:00Z,u412,s449,/login,200,956,FR,mobile,x,y
2026-05-02T15:45:00Z,u317,s843,/contact,301,936,US,mobile,x,y
2026-05-02T13:14:00Z,u340,s835,/home,200,390,FR,tablet,x,y
2026-05-02T10:33:00Z,u358,s180,/login,301,2101,US,desktop,x,y
2026-05-02T20:17:00Z,u475,s702,/login,500,1483,IN,desktop,x,y
2026-05-02T00:28:00Z,u361,s407,/checkout,301,355,UK,mobile,x,y
2026-05-02T19:48:00Z,u104,s666,/checkout,200,957,CA,tablet,x,y
2026-05-02T05:38:00Z,u360,s196,/contact,404,2704,UK,desktop,x,y
2026-05-02T23:08:00Z,u153,s466,/login,200,1421,IN,tablet,x,y
2026-05-02T22:45:00Z,u146,s311,/login,200,370,US,desktop,x,y
2026-05-02T08:19:00Z,u314,s262,/checkout,404,608,UK,tablet,x,y
2026-05-02T08:30:00Z,u276,s419,/home,200,1254,IN,mobile,x,y
2026-05-02T22:30:00Z,u108,s406,/home,201,2715,FR,tablet,x,y
2026-05-02T03:36:00Z,u198,s939,/products,404,2808,CA,desktop,x,y
2026-05-02T22:04:00Z,u119,s143,/checkout,201,1459,UK,mobile,x,y
2026-05-02T19:15:00Z,u477,s342,/products,200,1691,US,tablet,x,y
2026-05-02T18:13:00Z,u340,s316,/checkout,301,1181,FR,desktop,x,y
2026-05-02T21:15:00Z,u160,s101,/contact,200,2628,IN,mobile,x,y
2026-05-02T23:58:00Z,u478,s244,/login,404,2507,CA,tablet,x,y
2026-05-02T07:24:00Z,u277,s490,/contact,200,867,US,desktop,x,y
2026-05-02T14:35:00Z,u437,s12,/checkout,200,1244,IN,tablet,x,y
2026-05-02T20:05:00Z,u161,s239,/login,200,2590,IN,tablet,x,y
2026-05-02T02:46:00Z,u244,s561,/home,200,61,UK,mobile,x,y
2026-05-02T01:30:00Z,u315,s42,/home,200,244,UK,mobile,x,y
2026-05-02T11:53:00Z,u102,s678,/products,400,2587,US,desktop,x,y
2026-05-02T00:38:00Z,u259,s594,/checkout,200,2892,IN,mobile,x,y
2026-05-02T19:09:00Z,u326,s429,/checkout,200,2978,UK,desktop,x,y
2026-05-02T02:52:00Z,u368,s803,/home,200,2279,CA,tablet,x,y
2026-05-02T10:52:00Z,u219,s158,/contact,200,705,CA,tablet,x,y
2026-05-02T12:33:00Z,u480,s216,/login,200,1971,IN,desktop,x,y
2026-05-02T20:43:00Z,u188,s670,/contact,200,2791,UK,tablet,x,y
2026-05-02T18:01:00Z,u428,s462,/contact,200,2127,US,mobile,x,y
2026-05-02T07:55:00Z,u167,s134,/home,200,1669,US,tablet,x,y
2026-05-02T07:35:00Z,u497,s67,/home,200,1169,US,mobile,x,y
2026-05-02T13:48:00Z,u456,s848,/home,200,827,CA,desktop,x,y
2026-05-02T14:54:00Z,u197,s7,/products,200,493,UK,desktop,x,y
2026-05-02T23:04:00Z,u366,s948,/contact,201,347,UK,tablet,x,y
2026-05-02T17:04:00Z,u204,s526,/checkout,400,857,CA,tablet,x,y
2026-05-02T06:26:00Z,u422,s73,/login,200,1810,US,mobile,x,y
2026-05-02T05:47:00Z,u222,s399,/products,500,894,US,mobile,x,y
2026-05-02T03:09:00Z,u128,s405,/checkout,200,1065,IN,tablet,x,y
2026-05-02T08:24:00Z,u236,s675,/contact,200,1434,FR,tablet,x,y
2026-05-02T20:14:00Z,u294,s578,/home,500,1447,UK,desktop,x,y
2026-05-02T23:12:00Z,u325,s859,/contact,200,603,UK,desktop,x,y
2026-05-02T23:52:00Z,u431,s130,/login,404,2400,UK,desktop,x,y
2026-05-02T13:43:00Z,u269,s931,/products,200,470,FR,tablet,x,y
2026-05-02T15:28:00Z,u108,s466,/products,200,1319,IN,tablet,x,y
2026-05-02T15:33:00Z,u139,s206,/login,200,1310,FR,tablet,x,y
2026-05-02T19:00:00Z,u124,s788,/checkout,201,234,US,desktop,x,y
2026-05-02T02:13:00Z,u360,s978,/checkout,200,517,US,tablet,x,y
2026-05-02T00:57:00Z,u494,s768,/products,201,2851,UK,mobile,x,y
2026-05-02T11:24:00Z,u325,s266,/products,200,2460,CA,tablet,x,y
2026-05-02T11:11:00Z,u223,s537,/home,200,1356,UK,tablet,x,y
2026-05-02T02:52:00Z,u137,s962,/checkout,200,1626,CA,tablet,x,y
2026-05-02T13:34:00Z,u427,s793,/login,200,385,FR,tablet,x,y
2026-05-02T19:32:00Z,u350,s253,/checkout,404,2259,US,tablet,x,y
2026-05-02T01:19:00Z,u488,s822,/home,200,1547,CA,mobile,x,y
2026-05-02T14:45:00Z,u275,s289,/products,400,2109,FR,mobile,x,y
2026-05-02T20:36:00Z,u189,s164,/products,400,1497,US,tablet,x,y
2026-05-02T03:22:00Z,u136,s95,/home,200,637,CA,desktop,x,y
2026-05-02T12:43:00Z,u415,s782,/login,200,1931,UK,tablet,x,y
2026-05-02T20:52:00Z,u275,s833,/products,200,250,UK,tablet,x,y
2026-05-02T20:50:00Z,u383,s110,/contact,200,571,UK,tablet,x,y
2026-05-02T23:45:00Z,u180,s336,/products,200,1937,FR,desktop,x,y
2026-05-02T00:46:00Z,u213,s822,/contact,200,2602,UK,desktop,x,y
2026-05-02T20:56:00Z,u139,s238,/home,200,1761,IN,desktop,x,y
2026-05-02T22:08:00Z,u400,s381,/home,200,837,US,mobile,x,y
2026-05-02T19:26:00Z,u323,s436,/products,200,109,FR,desktop,x,y
2026-05-02T23:58:00Z,u417,s899,/checkout,200,627,UK,mobile,x,y
2026-05-02T23:16:00Z,u448,s483,/contact,200,370,US,mobile,x,y
2026-05-02T21:22:00Z,u214,s937,/login,301,1508,CA,desktop,x,y
2026-05-02T10:55:00Z,u285,s902,/products,200,2087,UK,desktop,x,y
2026-05-02T07:50:00Z,u422,s25,/login,200,972,US,desktop,x,y
2026-05-02T16:10:00Z,u155,s653,/products,201,1459,IN,mobile,x,y
2026-05-02T17:15:00Z,u139,s117,/checkout,200,1744,CA,tablet,x,y
2026-05-02T22:33:00Z,u453,s482,/checkout,200,618,IN,desktop,x,y
2026-05-02T12:15:00Z,u139,s392,/checkout,200,1151,US,desktop,x,y
2026-05-02T13:03:00Z,u446,s917,/checkout,200,576,IN,desktop,x,y
2026-05-02T16:07:00Z,u336,s994,/home,200,2621,US,mobile,x,y
2026-05-02T05:57:00Z,u388,s964,/home,200,2710,US,mobile,x,y
2026-05-02T16:11:00Z,u361,s537,/contact,200,2222,IN,tablet,x,y
2026-05-02T23:51:00Z,u315,s79,/login,200,920,US,desktop,x,y
2026-05-02T11:07:00Z,u246,s580,/products,301,329,UK,mobile,x,y
2026-05-02T06:12:00Z,u435,s173,/products,404,2719,US,tablet,x,y
2026-05-02T17:11:00Z,u267,s956,/home,200,2943,FR,desktop,x,y
2026-05-02T19:05:00Z,u191,s12,/products,301,1942,US,mobile,x,y
2026-05-02T22:51:00Z,u452,s800,/home,200,1801,FR,desktop,x,y
2026-05-02T11:15:00Z,u158,s128,/contact,200,723,US,desktop,x,y
2026-05-02T01:29:00Z,u158,s608,/login,201,1201,US,mobile,x,y
2026-05-02T11:37:00Z,u403,s92,/contact,200,2411,IN,mobile,x,y
2026-05-02T22:19:00Z,u268,s653,/checkout,200,381,UK,mobile,x,y
2026-05-02T20:01:00Z,u368,s543,/checkout,200,1223,UK,desktop,x,y
2026-05-02T08:59:00Z,u462,s846,/checkout,200,2089,CA,desktop,x,y
2026-05-02T12:11:00Z,u144,s532,/contact,404,1527,IN,tablet,x,y
2026-05-02T14:28:00Z,u444,s658,/products,404,85,IN,desktop,x,y
2026-05-02T00:40:00Z,u280,s989,/login,201,1758,UK,mobile,x,y
2026-05-02T12:19:00Z,u269,s828,/checkout,201,1493,IN,desktop,x,y
2026-05-02T08:21:00Z,u455,s447,/checkout,200,2303,UK,tablet,x,y
2026-05-02T15:58:00Z,u290,s390,/checkout,200,2736,IN,tablet,x,y
2026-05-02T19:28:00Z,u254,s672,/login,200,2945,US,mobile,x,y
2026-05-02T20:24:00Z,u287,s861,/checkout,200,1429,UK,mobile,x,y
2026-05-02T15:28:00Z,u106,s43,/login,200,489,UK,tablet,x,y
2026-05-02T07:40:00Z,u232,s254,/checkout,500,2826,FR,tablet,x,y
2026-05-02T12:11:00Z,u334,s130,/contact,200,1169,IN,tablet,x,y
2026-05-02T12:31:00Z,u144,s60,/contact,200,213,IN,mobile,x,y
2026-05-02T15:24:00Z,u413,s663,/login,200,197,UK,tablet,x,y
2026-05-02T15:08:00Z,u348,s467,/contact,200,2391,US,tablet,x,y
2026-05-02T21:16:00Z,u130,s287,/login,201,244,US,mobile,x,y
2026-05-02T06:29:00Z,u122,s517,/contact,200,712,US,desktop,x,y
2026-05-02T14:42:00Z,u493,s467,/contact,200,529,IN,desktop,x,y
2026-05-02T04:15:00Z,u259,s930,/login,400,172,FR,tablet,x,y
2026-05-02T11:48:00Z,u462,s778,/products,200,1473,UK,desktop,x,y
2026-05-02T07:29:00Z,u257,s345,/contact,200,2796,CA,desktop,x,y
2026-05-02T00:09:00Z,u138,s642,/checkout,200,1014,FR,desktop,x,y
2026-05-02T13:43:00Z,u181,s382,/products,400,2758,CA,desktop,x,y
2026-05-02T13:17:00Z,u455,s779,/login,200,1828,FR,tablet,x,y
2026-05-02T21:05:00Z,u357,s690,/products,301,1535,US,desktop,x,y
2026-05-02T21:14:00Z,u305,s253,/home,400,2064,IN,desktop,x,y
2026-05-02T14:36:00Z,u176,s927,/home,200,759,CA,mobile,x,y
2026-05-02T17:08:00Z,u111,s56,/contact,500,2493,FR,tablet,x,y
2026-05-02T19:02:00Z,u394,s463,/contact,301,961,IN,mobile,x,y
2026-05-02T16:55:00Z,u323,s457,/checkout,301,1410,CA,mobile,x,y
2026-05-02T06:13:00Z,u112,s983,/products,201,2414,UK,tablet,x,y
2026-05-02T18:08:00Z,u145,s83,/home,200,1784,FR,desktop,x,y
2026-05-02T02:25:00Z,u254,s905,/contact,200,1873,UK,mobile,x,y
2026-05-02T03:43:00Z,u212,s99,/products,200,1629,US,tablet,x,y
2026-05-02T21:02:00Z,u332,s149,/contact,200,730,UK,desktop,x,y
2026-05-02T02:56:00Z,u116,s329,/contact,200,1383,UK,tablet,x,y
2026-05-02T14:12:00Z,u459,s156,/home,404,2592,FR,mobile,x,y
2026-05-02T21:45:00Z,u322,s190,/home,400,605,US,desktop,x,y
2026-05-02T01:02:00Z,u453,s494,/contact,200,659,UK,desktop,x,y
2026-05-02T20:40:00Z,u287,s883,/login,404,2206,IN,tablet,x,y
2026-05-02T13:46:00Z,u443,s263,/contact,301,421,CA,desktop,x,y
2026-05-02T13:14:00Z,u464,s80,/contact,200,2952,UK,mobile,x,y
2026-05-02T11:28:00Z,u262,s400,/checkout,200,665,US,mobile,x,y
2026-05-02T01:44:00Z,u425,s764,/checkout,200,2865,UK,mobile,x,y
2026-05-02T18:42:00Z,u173,s609,/checkout,201,1964,CA,tablet,x,y
2026-05-02T08:30:00Z,u332,s260,/login,200,2303,US,desktop,x,y
2026-05-02T06:24:00Z,u323,s772,/login,200,896,FR,desktop,x,y
2026-05-02T06:44:00Z,u418,s615,/contact,200,92,US,desktop,x,y
2026-05-02T13:42:00Z,u159,s552,/checkout,201,914,FR,mobile,x,y
2026-05-02T08:37:00Z,u434,s785,/login,400,1318,US,desktop,x,y
2026-05-02T07:55:00Z,u321,s101,/home,201,1428,CA,mobile,x,y
2026-05-02T11:48:00Z,u136,s359,/contact,500,834,CA,desktop,x,y
2026-05-02T12:50:00Z,u377,s380,/products,400,525,US,mobile,x,y
2026-05-02T17:26:00Z,u295,s820,/contact,404,132,UK,desktop,x,y
2026-05-02T16:36:00Z,u451,s221,/products,404,1183,CA,tablet,x,y
2026-05-02T11:16:00Z,u341,s820,/checkout,400,2287,FR,tablet,x,y
2026-05-02T11:53:00Z,u423,s420,/products,200,849,FR,mobile,x,y
2026-05-02T01:22:00Z,u318,s124,/checkout,200,985,IN,mobile,x,y
2026-05-02T19:28:00Z,u291,s422,/home,200,2348,FR,desktop,x,y
2026-05-02T18:28:00Z,u116,s231,/products,200,2388,IN,desktop,x,y
2026-05-02T18:21:00Z,u111,s690,/contact,200,1718,US,tablet,x,y
2026-05-02T07:36:00Z,u493,s63,/checkout,200,375,US,desktop,x,y
2026-05-02T00:00:00Z,u473,s485,/contact,500,1584,US,mobile,x,y
2026-05-02T00:50:00Z,u292,s628,/login,404,2035,UK,mobile,x,y
2026-05-02T11:24:00Z,u121,s703,/checkout,400,2014,UK,mobile,x,y
2026-05-02T11:56:00Z,u219,s574,/products,200,886,IN,mobile,x,y
2026-05-02T07:28:00Z,u309,s768,/checkout,200,557,FR,mobile,x,y
2026-05-02T14:40:00Z,u405,s483,/contact,200,2828,FR,tablet,x,y
2026-05-02T08:07:00Z,u369,s519,/home,200,2169,US,tablet,x,y
2026-05-02T00:33:00Z,u291,s155,/checkout,200,1320,CA,mobile,x,y
2026-05-02T22:51:00Z,u274,s92,/products,200,690,UK,desktop,x,y
2026-05-02T01:34:00Z,u384,s982,/login,404,1928,UK,mobile,x,y
2026-05-02T18:15:00Z,u303,s526,/home,201,657,US,tablet,x,y
2026-05-02T02:33:00Z,u263,s455,/login,200,2008,UK,mobile,x,y
2026-05-02T04:09:00Z,u350,s741,/checkout,200,615,US,tablet,x,y
2026-05-02T11:13:00Z,u326,s598,/contact,200,1417,IN,tablet,x,y
2026-05-02T07:17:00Z,u480,s645,/contact,200,2151,FR,mobile,x,y
2026-05-02T01:57:00Z,u106,s510,/products,404,1803,CA,mobile,x,y
2026-05-02T12:50:00Z,u128,s183,/contact,200,2625,FR,desktop,x,y
2026-05-02T22:09:00Z,u494,s386,/home,200,2708,FR,tablet,x,y
2026-05-02T04:27:00Z,u132,s574,/contact,200,1631,IN,desktop,x,y
2026-05-02T17:57:00Z,u233,s731,/products,200,2036,UK,mobile,x,y
2026-05-02T03:55:00Z,u466,s405,/checkout,200,2290,CA,tablet,x,y
2026-05-02T06:28:00Z,u178,s246,/checkout,201,2155,UK,desktop,x,y
2026-05-02T16:29:00Z,u157,s742,/contact,200,178,FR,desktop,x,y
2026-05-02T12:42:00Z,u125,s591,/login,200,1922,US,desktop,x,y
2026-05-02T06:40:00Z,u325,s661,/checkout,200,755,FR,mobile,x,y
2026-05-02T10:23:00Z,u384,s650,/contact,200,901,UK,mobile,x,y
2026-05-02T12:46:00Z,u103,s471,/products,404,57,FR,mobile,x,y
2026-05-02T22:06:00Z,u198,s826,/contact,200,2126,US,tablet,x,y
2026-05-02T15:18:00Z,u496,s888,/checkout,200,1185,IN,mobile,x,y
2026-05-02T20:30:00Z,u138,s423,/products,200,2228,UK,tablet,x,y
2026-05-02T20:52:00Z,u370,s901,/contact,200,2285,FR,desktop,x,y
2026-05-02T14:12:00Z,u474,s65,/home,200,1748,UK,desktop,x,y
2026-05-02T09:37:00Z,u384,s13,/products,200,2806,IN,mobile,x,y
2026-05-02T01:14:00Z,u256,s213,/home,200,1548,FR,desktop,x,y
2026-05-02T07:14:00Z,u174,s986,/login,404,2309,FR,mobile,x,y
2026-05-02T01:42:00Z,u471,s242,/products,200,1694,UK,tablet,x,y
2026-05-02T12:43:00Z,u387,s493,/home,404,325,UK,desktop,x,y
2026-05-02T12:17:00Z,u229,s213,/checkout,200,1752,US,mobile,x,y
2026-05-02T13:25:00Z,u274,s693,/checkout,404,1845,IN,desktop,x,y
2026-05-02T22:09:00Z,u183,s338,/login,400,292,US,desktop,x,y
2026-05-02T01:37:00Z,u121,s997,/products,200,2782,FR,mobile,x,y
2026-05-02T13:17:00Z,u126,s173,/products,404,220,UK,desktop,x,y
2026-05-02T22:38:00Z,u294,s672,/products,200,702,FR,desktop,x,y
2026-05-02T14:18:00Z,u436,s164,/login,404,1982,FR,desktop,x,y
2026-05-02T07:14:00Z,u481,s465,/products,200,2285,CA,desktop,x,y
2026-05-02T07:26:00Z,u335,s995,/checkout,200,1159,CA,tablet,x,y
2026-05-02T22:11:00Z,u191,s497,/home,200,1549,FR,desktop,x,y
2026-05-02T04:08:00Z,u120,s700,/checkout,500,2149,UK,desktop,x,y
2026-05-02T02:45:00Z,u402,s395,/checkout,200,2208,FR,mobile,x,y
2026-05-02T16:23:00Z,u456,s703,/home,200,2022,CA,tablet,x,y
2026-05-02T22:38:00Z,u183,s917,/checkout,201,2974,UK,mobile,x,y
2026-05-02T16:59:00Z,u361,s308,/login,400,1116,FR,mobile,x,y
2026-05-02T09:01:00Z,u246,s768,/home,200,2308,IN,mobile,x,y
2026-05-02T12:38:00Z,u486,s183,/checkout,200,2085,IN,tablet,x,y
2026-05-02T18:49:00Z,u356,s629,/contact,200,907,FR,mobile,x,y
2026-05-02T01:20:00Z,u157,s794,/checkout,200,2724,UK,mobile,x,y
2026-05-02T02:12:00Z,u479,s510,/login,200,1099,FR,mobile,x,y
2026-05-02T13:16:00Z,u114,s708,/products,404,348,FR,desktop,x,y
2026-05-02T14:59:00Z,u261,s546,/checkout,200,973,CA,mobile,x,y
2026-05-02T02:17:00Z,u262,s564,/products,200,186,IN,tablet,x,y
2026-05-02T03:03:00Z,u419,s624,/contact,200,1093,CA,tablet,x,y
2026-05-02T23:44:00Z,u380,s764,/checkout,200,2537,CA,desktop,x,y
2026-05-02T22:33:00Z,u379,s594,/home,200,260,FR,tablet,x,y
2026-05-02T13:04:00Z,u111,s744,/products,200,2849,CA,tablet,x,y
2026-05-02T16:23:00Z,u373,s227,/contact,200,1624,IN,desktop,x,y
2026-05-02T01:08:00Z,u370,s745,/home,404,2532,CA,mobile,x,y
2026-05-02T09:05:00Z,u307,s733,/home,200,829,IN,desktop,x,y
2026-05-02T00:52:00Z,u126,s436,/home,500,1280,CA,mobile,x,y
2026-05-02T03:24:00Z,u171,s925,/home,404,2536,IN,mobile,x,y
2026-05-02T02:05:00Z,u159,s422,/checkout,200,1852,CA,tablet,x,y
2026-05-02T00:42:00Z,u244,s554,/checkout,400,2763,CA,desktop,x,y
2026-05-02T01:50:00Z,u192,s21,/checkout,200,1115,UK,tablet,x,y
2026-05-02T12:40:00Z,u408,s554,/contact,200,460,IN,tablet,x,y
2026-05-02T20:06:00Z,u107,s397,/contact,201,2903,IN,mobile,x,y
2026-05-02T14:07:00Z,u178,s625,/contact,200,2707,IN,tablet,x,y
2026-05-02T01:34:00Z,u126,s105,/login,200,476,US,desktop,x,y
2026-05-02T23:17:00Z,u273,s192,/contact,201,1521,CA,tablet,x,y
2026-05-02T14:59:00Z,u149,s17,/checkout,200,2999,IN,tablet,x,y
2026-05-02T05:59:00Z,u298,s120,/checkout,200,991,US,mobile,x,y
2026-05-02T14:59:00Z,u486,s393,/login,404,1957,UK,desktop,x,y
2026-05-02T04:40:00Z,u448,s425,/login,200,791,IN,tablet,x,y
2026-05-02T20:18:00Z,u280,s129,/contact,200,1442,IN,mobile,x,y
2026-05-02T20:18:00Z,u123,s130,/products,200,1293,US,tablet,x,y
2026-05-02T11:06:00Z,u415,s572,/login,200,1650,CA,desktop,x,y
2026-05-02T01:32:00Z,u477,s560,/home,200,1305,UK,tablet,x,y
2026-05-02T11:11:00Z,u486,s29,/checkout,500,377,IN,tablet,x,y
2026-05-02T01:00:00Z,u145,s97,/home,200,1516,CA,mobile,x,y
2026-05-02T10:33:00Z,u114,s10,/checkout,200,2149,UK,tablet,x,y
2026-05-02T17:54:00Z,u252,s242,/checkout,400,2016,FR,mobile,x,y
2026-05-02T23:46:00Z,u321,s826,/login,404,425,FR,desktop,x,y
2026-05-02T17:08:00Z,u305,s956,/login,200,312,UK,tablet,x,y
2026-05-02T10:03:00Z,u372,s232,/home,200,316,US,desktop,x,y
2026-05-02T11:21:00Z,u481,s789,/checkout,200,2456,UK,desktop,x,y
2026-05-02T08:53:00Z,u335,s284,/home,200,1994,UK,tablet,x,y
2026-05-02T23:48:00Z,u439,s715,/products,200,1943,US,mobile,x,y
2026-05-02T13:57:00Z,u327,s759,/home,200,1951,US,desktop,x,y
2026-05-02T10:44:00Z,u108,s802,/contact,404,2749,CA,desktop,x,y
2026-05-02T03:52:00Z,u265,s776,/home,301,1702,CA,tablet,x,y
2026-05-02T08:43:00Z,u418,s955,/contact,200,1494,US,tablet,x,y
2026-05-02T05:45:00Z,u313,s726,/contact,200,95,FR,tablet,x,y
2026-05-02T17:49:00Z,u216,s200,/contact,200,649,FR,tablet,x,y
2026-05-02T09:05:00Z,u485,s945,/products,200,769,UK,tablet,x,y
2026-05-02T18:21:00Z,u443,s79,/home,200,1962,IN,tablet,x,y
2026-05-02T18:16:00Z,u171,s913,/home,404,1342,UK,mobile,x,y
2026-05-02T13:13:00Z,u494,s956,/products,200,650,UK,desktop,x,y
2026-05-02T04:08:00Z,u163,s855,/checkout,200,430,IN,mobile,x,y
2026-05-02T00:46:00Z,u304,s856,/login,301,167,US,mobile,x,y
2026-05-02T19:04:00Z,u308,s173,/home,200,2213,FR,tablet,x,y
2026-05-02T03:33:00Z,u171,s467,/login,200,309,UK,desktop,x,y
2026-05-02T03:58:00Z,u376,s581,/products,200,1148,IN,mobile,x,y
2026-05-02T17:59:00Z,u373,s416,/checkout,200,1553,CA,tablet,x,y
2026-05-02T05:49:00Z,u419,s940,/checkout,404,2402,UK,tablet,x,y
2026-05-02T01:46:00Z,u437,s449,/checkout,200,2104,FR,desktop,x,y
2026-05-02T13:50:00Z,u465,s87,/products,200,415,US,mobile,x,y
2026-05-02T00:47:00Z,u194,s101,/contact,200,1707,UK,mobile,x,y
2026-05-02T05:36:00Z,u265,s8,/contact,500,2620,UK,mobile,x,y
2026-05-02T17:29:00Z,u131,s845,/login,200,1511,IN,tablet,x,y
2026-05-02T13:23:00Z,u110,s200,/contact,200,2074,CA,desktop,x,y
2026-05-02T21:20:00Z,u400,s505,/contact,200,2526,CA,desktop,x,y
2026-05-02T00:07:00Z,u316,s87,/checkout,200,840,US,mobile,x,y
2026-05-02T10:24:00Z,u388,s43,/checkout,200,796,FR,tablet,x,y
2026-05-02T21:16:00Z,u201,s385,/login,200,2464,US,mobile,x,y
2026-05-02T11:58:00Z,u491,s621,/home,200,362,UK,desktop,x,y
2026-05-02T05:02:00Z,u366,s435,/login,200,587,UK,tablet,x,y
2026-05-02T10:38:00Z,u313,s408,/login,400,970,CA,mobile,x,y
2026-05-02T00:55:00Z,u278,s483,/products,200,1127,FR,mobile,x,y
2026-05-02T12:05:00Z,u187,s664,/products,200,1540,IN,tablet,x,y
2026-05-02T08:45:00Z,u140,s17,/login,200,2962,FR,desktop,x,y
2026-05-02T07:53:00Z,u175,s645,/login,500,2879,UK,tablet,x,y
2026-05-02T00:27:00Z,u476,s148,/login,200,2431,IN,mobile,x,y
2026-05-02T01:17:00Z,u145,s277,/contact,404,847,FR,mobile,x,y
2026-05-02T20:39:00Z,u259,s232,/products,301,397,FR,mobile,x,y
2026-05-02T23:29:00Z,u179,s826,/login,200,322,IN,mobile,x,y
2026-05-02T06:04:00Z,u409,s927,/checkout,500,769,UK,desktop,x,y
2026-05-02T11:05:00Z,u185,s366,/checkout,200,1823,FR,desktop,x,y
2026-05-02T08:45:00Z,u191,s228,/contact,200,2597,IN,mobile,x,y
2026-05-02T11:38:00Z,u247,s651,/contact,400,734,UK,desktop,x,y
2026-05-02T22:15:00Z,u260,s436,/home,201,2176,IN,desktop,x,y
2026-05-02T14:42:00Z,u301,s399,/home,200,671,IN,desktop,x,y
2026-05-02T17:10:00Z,u341,s211,/home,200,2089,FR,mobile,x,y
2026-05-02T17:06:00Z,u452,s391,/contact,200,996,UK,tablet,x,y
2026-05-02T15:18:00Z,u101,s499,/contact,301,2455,FR,tablet,x,y
2026-05-02T12:29:00Z,u324,s540,/contact,200,2715,US,tablet,x,y
2026-05-02T06:02:00Z,u388,s563,/checkout,200,556,US,mobile,x,y
2026-05-02T21:37:00Z,u332,s491,/contact,200,1632,UK,desktop,x,y
2026-05-02T13:25:00Z,u176,s442,/checkout,200,2673,IN,desktop,x,y
2026-05-02T12:18:00Z,u215,s261,/home,404,293,FR,mobile,x,y
2026-05-02T17:18:00Z,u253,s773,/home,200,555,FR,mobile,x,y
2026-05-02T20:15:00Z,u202,s350,/home,500,471,UK,tablet,x,y
2026-05-02T08:04:00Z,u293,s352,/login,200,2314,UK,tablet,x,y
2026-05-02T00:27:00Z,u265,s520,/login,201,1922,US,mobile,x,y
2026-05-02T11:53:00Z,u458,s320,/products,200,1242,CA,tablet,x,y
2026-05-02T17:42:00Z,u189,s138,/products,200,379,UK,desktop,x,y
2026-05-02T21:36:00Z,u273,s550,/products,200,699,CA,mobile,x,y
2026-05-02T20:54:00Z,u221,s623,/login,200,1514,UK,mobile,x,y
2026-05-02T01:25:00Z,u242,s992,/login,200,440,IN,desktop,x,y
2026-05-02T02:05:00Z,u205,s368,/products,500,1569,IN,desktop,x,y
2026-05-02T13:31:00Z,u474,s220,/products,200,430,US,desktop,x,y
2026-05-02T08:56:00Z,u404,s337,/contact,200,791,US,tablet,x,y
2026-05-02T02:24:00Z,u459,s223,/products,200,2060,CA,mobile,x,y
2026-05-02T20:35:00Z,u416,s648,/contact,200,869,UK,tablet,x,y
2026-05-02T00:24:00Z,u222,s768,/checkout,200,722,FR,desktop,x,y
2026-05-02T23:37:00Z,u489,s360,/login,301,2610,US,tablet,x,y
2026-05-02T01:06:00Z,u108,s921,/products,404,1821,FR,desktop,x,y
2026-05-02T03:52:00Z,u361,s329,/login,200,1261,FR,tablet,x,y
2026-05-02T01:48:00Z,u172,s962,/login,200,979,UK,tablet,x,y
2026-05-02T19:29:00Z,u458,s463,/login,200,1589,CA,desktop,x,y
2026-05-02T01:50:00Z,u322,s946,/checkout,200,962,UK,tablet,x,y
2026-05-02T03:47:00Z,u140,s963,/home,200,693,US,mobile,x,y
2026-05-02T01:50:00Z,u469,s561,/products,200,476,FR,tablet,x,y
2026-05-02T00:33:00Z,u303,s804,/home,200,551,UK,tablet,x,y
2026-05-02T10:22:00Z,u363,s382,/home,200,779,UK,mobile,x,y
2026-05-02T23:12:00Z,u427,s836,/home,301,1333,UK,desktop,x,y
2026-05-02T12:27:00Z,u277,s590,/login,200,2168,US,mobile,x,y
2026-05-02T09:54:00Z,u447,s617,/contact,200,2575,CA,tablet,x,y
2026-05-02T07:04:00Z,u417,s169,/login,200,506,UK,desktop,x,y
2026-05-02T10:12:00Z,u183,s217,/login,200,2286,US,tablet,x,y
2026-05-02T11:31:00Z,u417,s378,/home,404,340,FR,tablet,x,y
2026-05-02T21:45:00Z,u210,s119,/login,404,969,IN,mobile,x,y
2026-05-02T22:23:00Z,u350,s190,/home,400,2389,US,mobile,x,y
2026-05-02T05:14:00Z,u482,s767,/contact,200,2019,IN,desktop,x,y
2026-05-02T14:36:00Z,u106,s370,/products,201,805,UK,desktop,x,y
2026-05-02T23:20:00Z,u183,s778,/home,200,1708,UK,desktop,x,y
2026-05-02T21:52:00Z,u307,s149,/contact,404,1884,US,tablet,x,y
2026-05-02T11:01:00Z,u487,s676,/products,200,1356,IN,mobile,x,y
2026-05-02T04:36:00Z,u489,s652,/checkout,500,1617,UK,mobile,x,y
2026-05-02T10:23:00Z,u413,s859,/home,404,1919,FR,mobile,x,y
2026-05-02T08:35:00Z,u121,s488,/home,201,426,CA,desktop,x,y
2026-05-02T22:53:00Z,u482,s770,/checkout,200,1229,CA,mobile,x,y
2026-05-02T14:02:00Z,u102,s374,/checkout,200,557,UK,mobile,x,y
2026-05-02T05:49:00Z,u226,s781,/home,404,1486,IN,mobile,x,y
2026-05-02T13:42:00Z,u396,s693,/checkout,200,2625,UK,desktop,x,y
2026-05-02T19:20:00Z,u287,s160,/login,404,608,IN,mobile,x,y
2026-05-02T12:38:00Z,u461,s351,/products,200,2357,FR,desktop,x,y
2026-05-02T14:58:00Z,u113,s912,/products,200,470,IN,mobile,x,y
2026-05-02T04:02:00Z,u111,s288,/products,404,1602,UK,mobile,x,y
2026-05-02T09:02:00Z,u186,s288,/login,200,353,FR,mobile,x,y
2026-05-02T17:43:00Z,u111,s892,/checkout,200,991,US,desktop,x,y
2026-05-02T03:48:00Z,u496,s226,/contact,200,2639,CA,desktop,x,y
2026-05-02T09:07:00Z,u124,s523,/checkout,200,1351,UK,mobile,x,y
2026-05-02T15:19:00Z,u400,s522,/home,301,1139,UK,tablet,x,y
2026-05-02T20:46:00Z,u342,s783,/products,200,2205,UK,desktop,x,y
2026-05-02T00:05:00Z,u221,s273,/checkout,404,2365,FR,desktop,x,y
2026-05-02T22:25:00Z,u246,s936,/contact,404,2319,US,mobile,x,y
2026-05-02T07:47:00Z,u154,s402,/home,200,1877,IN,tablet,x,y
2026-05-02T01:14:00Z,u337,s183,/login,201,1603,US,mobile,x,y
2026-05-02T00:03:00Z,u455,s969,/login,200,742,FR,desktop,x,y
2026-05-02T10:45:00Z,u272,s665,/contact,200,304,UK,desktop,x,y
2026-05-02T01:57:00Z,u491,s488,/home,500,1528,CA,mobile,x,y
2026-05-02T14:40:00Z,u320,s827,/products,200,2350,UK,mobile,x,y
2026-05-02T08:23:00Z,u218,s846,/checkout,200,306,IN,tablet,x,y
2026-05-02T15:46:00Z,u408,s124,/home,200,2480,CA,tablet,x,y
2026-05-02T09:33:00Z,u282,s985,/login,200,491,UK,desktop,x,y
2026-05-02T03:13:00Z,u387,s626,/contact,200,1931,CA,tablet,x,y
2026-05-02T14:06:00Z,u406,s790,/contact,301,2696,US,tablet,x,y
2026-05-02T11:54:00Z,u399,s414,/checkout,200,1163,FR,desktop,x,y
2026-05-02T23:35:00Z,u181,s980,/contact,200,2487,UK,desktop,x,y
2026-05-02T17:29:00Z,u310,s725,/contact,200,631,IN,desktop,x,y
2026-05-02T02:52:00Z,u249,s172,/home,200,1785,US,desktop,x,y
2026-05-02T22:03:00Z,u136,s288,/products,200,2695,UK,mobile,x,y
2026-05-02T05:25:00Z,u451,s435,/checkout,200,68,US,desktop,x,y
2026-05-02T23:53:00Z,u411,s686,/home,200,1174,IN,desktop,x,y
2026-05-02T19:01:00Z,u460,s113,/products,200,2704,UK,desktop,x,y
2026-05-02T13:55:00Z,u158,s888,/home,200,1430,IN,tablet,x,y
2026-05-02T12:03:00Z,u230,s917,/home,200,1615,CA,desktop,x,y
2026-05-02T03:44:00Z,u301,s995,/contact,404,2130,IN,mobile,x,y
2026-05-02T08:51:00Z,u342,s122,/products,404,2043,CA,mobile,x,y
2026-05-02T01:52:00Z,u134,s544,/checkout,200,1597,UK,desktop,x,y
2026-05-02T02:19:00Z,u192,s222,/checkout,404,911,CA,mobile,x,y
2026-05-02T09:18:00Z,u306,s631,/products,301,204,UK,tablet,x,y
2026-05-02T00:00:00Z,u452,s39,/contact,200,954,UK,desktop,x,y
2026-05-02T01:29:00Z,u490,s497,/login,200,1319,FR,mobile,x,y
2026-05-02T10:53:00Z,u431,s780,/home,301,454,UK,mobile,x,y
2026-05-02T05:19:00Z,u404,s233,/contact,201,893,CA,desktop,x,y
